{"name":"HindSiliguri-Regular","type":"TTF","desc":{"CapHeight":679,"XHeight":505,"FontBBox":"[-613 -499 1572 1033]","Flags":4,"Ascent":1116,"Descent":-501,"Leading":0,"ItalicAngle":0,"StemV":87,"MissingWidth":751},"unitsPerEm":1000,"up":-125,"ut":50,"strp":303,"strs":50,"ttffile":"\/home\/ibajarco\/public_html\/public\/assets\/fonts\/\/HindSiliguri-Regular.ttf","TTCfontID":0,"originalsize":247356,"sip":false,"smp":false,"BMPselected":false,"fontkey":"hindsiliguri","panose":" 0 0 2 0 0 0 0 0 0 0 0 0","haskerninfo":false,"haskernGPOS":false,"hassmallcapsGSUB":false,"fontmetrics":"win","useOTL":255,"rtlPUAstr":"","GSUBScriptLang":{"DFLT":"DFLT ","beng":"DFLT ","bng2":"DFLT "},"GSUBFeatures":{"DFLT":{"DFLT":{"nukt":[9],"akhn":[10,11],"rphf":[12],"blwf":[13],"half":[15],"pstf":[16],"init":[18],"pres":[19,20,21,22,23,24,25,26,27,28,29]}},"beng":{"DFLT":{"nukt":[9],"akhn":[10,11],"rphf":[12],"blwf":[14],"half":[15],"pstf":[17],"init":[18],"pres":[19,20,21,22,23,24,25,26,27,28,29]}},"bng2":{"DFLT":{"nukt":[9],"akhn":[10,11],"rphf":[12],"blwf":[13],"half":[15],"pstf":[16],"init":[18],"pres":[19,20,21,22,23,24,25,26,27,28,29]}}},"GSUBLookups":[{"Type":1,"Flag":0,"SubtableCount":1,"Subtables":[241682],"MarkFilteringSet":""},{"Type":1,"Flag":0,"SubtableCount":1,"Subtables":[241708],"MarkFilteringSet":""},{"Type":1,"Flag":0,"SubtableCount":1,"Subtables":[241734],"MarkFilteringSet":""},{"Type":1,"Flag":0,"SubtableCount":1,"Subtables":[241760],"MarkFilteringSet":""},{"Type":1,"Flag":0,"SubtableCount":1,"Subtables":[241786],"MarkFilteringSet":""},{"Type":1,"Flag":0,"SubtableCount":1,"Subtables":[241812],"MarkFilteringSet":""},{"Type":1,"Flag":0,"SubtableCount":1,"Subtables":[241838],"MarkFilteringSet":""},{"Type":1,"Flag":0,"SubtableCount":1,"Subtables":[241864],"MarkFilteringSet":""},{"Type":1,"Flag":0,"SubtableCount":1,"Subtables":[241890],"MarkFilteringSet":""},{"Type":4,"Flag":0,"SubtableCount":1,"Subtables":[241916],"MarkFilteringSet":""},{"Type":4,"Flag":0,"SubtableCount":1,"Subtables":[241976],"MarkFilteringSet":""},{"Type":6,"Flag":0,"SubtableCount":1,"Subtables":[242026],"MarkFilteringSet":""},{"Type":4,"Flag":0,"SubtableCount":1,"Subtables":[242060],"MarkFilteringSet":""},{"Type":4,"Flag":0,"SubtableCount":1,"Subtables":[242096],"MarkFilteringSet":""},{"Type":4,"Flag":0,"SubtableCount":1,"Subtables":[242138],"MarkFilteringSet":""},{"Type":4,"Flag":0,"SubtableCount":1,"Subtables":[242188],"MarkFilteringSet":""},{"Type":4,"Flag":0,"SubtableCount":1,"Subtables":[242698],"MarkFilteringSet":""},{"Type":4,"Flag":0,"SubtableCount":1,"Subtables":[242730],"MarkFilteringSet":""},{"Type":1,"Flag":0,"SubtableCount":1,"Subtables":[242762],"MarkFilteringSet":""},{"Type":6,"Flag":0,"SubtableCount":3,"Subtables":[242788,242816,242844],"MarkFilteringSet":""},{"Type":6,"Flag":0,"SubtableCount":2,"Subtables":[242876,242904],"MarkFilteringSet":""},{"Type":4,"Flag":0,"SubtableCount":1,"Subtables":[242934],"MarkFilteringSet":""},{"Type":4,"Flag":0,"SubtableCount":1,"Subtables":[243274],"MarkFilteringSet":""},{"Type":4,"Flag":0,"SubtableCount":1,"Subtables":[243744],"MarkFilteringSet":""},{"Type":4,"Flag":0,"SubtableCount":1,"Subtables":[245428],"MarkFilteringSet":""},{"Type":6,"Flag":0,"SubtableCount":2,"Subtables":[246440,246510],"MarkFilteringSet":""},{"Type":6,"Flag":0,"SubtableCount":2,"Subtables":[246646,246668],"MarkFilteringSet":""},{"Type":6,"Flag":0,"SubtableCount":2,"Subtables":[246700,246728],"MarkFilteringSet":""},{"Type":6,"Flag":0,"SubtableCount":4,"Subtables":[246770,246790,246810,246838],"MarkFilteringSet":""},{"Type":6,"Flag":0,"SubtableCount":2,"Subtables":[246876,246896],"MarkFilteringSet":""},{"Type":4,"Flag":0,"SubtableCount":1,"Subtables":[247232],"MarkFilteringSet":""},{"Type":1,"Flag":0,"SubtableCount":1,"Subtables":[247264],"MarkFilteringSet":""},{"Type":1,"Flag":0,"SubtableCount":1,"Subtables":[247298],"MarkFilteringSet":""},{"Type":1,"Flag":0,"SubtableCount":1,"Subtables":[247312],"MarkFilteringSet":""},{"Type":1,"Flag":0,"SubtableCount":1,"Subtables":[247332],"MarkFilteringSet":""}],"GPOSScriptLang":{"DFLT":"DFLT ","beng":"DFLT ","bng2":"DFLT "},"GPOSFeatures":{"DFLT":{"DFLT":{"abvm":[0,1,2,3,4],"blwm":[5]}},"beng":{"DFLT":{"abvm":[0,1,2,3,4],"blwm":[5]}},"bng2":{"DFLT":{"abvm":[0,1,2,3,4],"blwm":[5]}}},"GPOSLookups":[{"Type":4,"Flag":0,"SubtableCount":1,"Subtables":[235748],"MarkFilteringSet":""},{"Type":4,"Flag":0,"SubtableCount":1,"Subtables":[237658],"MarkFilteringSet":""},{"Type":4,"Flag":0,"SubtableCount":1,"Subtables":[239248],"MarkFilteringSet":""},{"Type":6,"Flag":0,"SubtableCount":1,"Subtables":[239466],"MarkFilteringSet":""},{"Type":6,"Flag":0,"SubtableCount":1,"Subtables":[239514],"MarkFilteringSet":""},{"Type":4,"Flag":0,"SubtableCount":1,"Subtables":[239568],"MarkFilteringSet":""}],"kerninfo":[]}